INSERT INTO datasource_classify (classify_code, sorted, classify_name, is_deleted, create_time, update_time, create_by, update_by) VALUES ('total', 100, '全部', 0, '2021-03-15 17:49:27', '2021-03-15 17:50:42', 0, 0);
INSERT INTO datasource_classify (classify_code, sorted, classify_name, is_deleted, create_time, update_time, create_by, update_by) VALUES ('mostUse', 90, '常用', 0, '2021-03-15 17:49:27', '2021-03-15 17:50:43', 0, 0);
INSERT INTO datasource_classify (classify_code, sorted, classify_name, is_deleted, create_time, update_time, create_by, update_by) VALUES ('relational', 80, '关系型', 0, '2021-03-15 17:49:27', '2021-03-15 17:50:43', 0, 0);
INSERT INTO datasource_classify (classify_code, sorted, classify_name, is_deleted, create_time, update_time, create_by, update_by) VALUES ('bigData', 70, '大数据存储', 0, '2021-03-15 17:49:27', '2021-03-15 17:50:43', 0, 0);
INSERT INTO datasource_classify (classify_code, sorted, classify_name, is_deleted, create_time, update_time, create_by, update_by) VALUES ('mpp', 60, 'MPP', 0, '2021-03-15 17:49:27', '2021-03-15 17:50:43', 0, 0);
INSERT INTO datasource_classify (classify_code, sorted, classify_name, is_deleted, create_time, update_time, create_by, update_by) VALUES ('semiStruct', 50, '半结构化', 0, '2021-03-15 17:49:27', '2021-03-15 17:50:43', 0, 0);
INSERT INTO datasource_classify (classify_code, sorted, classify_name, is_deleted, create_time, update_time, create_by, update_by) VALUES ('analytic', 40, '分析型', 0, '2021-03-15 17:49:27', '2021-03-15 17:50:44', 0, 0);
INSERT INTO datasource_classify (classify_code, sorted, classify_name, is_deleted, create_time, update_time, create_by, update_by) VALUES ('NoSQL', 30, 'NoSQL', 0, '2021-03-15 17:49:27', '2021-03-15 17:50:44', 0, 0);
INSERT INTO datasource_classify (classify_code, sorted, classify_name, is_deleted, create_time, update_time, create_by, update_by) VALUES ('actualTime', 20, '实时', 0, '2021-03-15 17:49:27', '2021-03-15 17:50:44', 0, 0);
INSERT INTO datasource_classify (classify_code, sorted, classify_name, is_deleted, create_time, update_time, create_by, update_by) VALUES ('api', 0, '接口', 0, '2021-03-15 17:49:27', '2021-03-15 17:50:44', 0, 0);
INSERT INTO datasource_classify (classify_code, sorted, classify_name, is_deleted, create_time, update_time, create_by, update_by) VALUES ('sequential', 10, '时序', 0, '2021-06-09 17:19:27', '2021-06-09 17:19:27', 0, 0);


INSERT INTO datasource_type (data_type, data_classify_id, weight, img_url, sorted, invisible, is_deleted, create_time, update_time, create_by, update_by) VALUES ('MySQL', 3, 6.5, 'MySQL.png', 2500, 0, 0, '2021-03-15 17:50:44', '2022-02-11 18:51:23', 0, 0);
INSERT INTO datasource_type (data_type, data_classify_id, weight, img_url, sorted, invisible, is_deleted, create_time, update_time, create_by, update_by) VALUES ('PolarDB for MySQL8', 3, 0.0, 'PolarDB for MySQL8.png', 2450, 0, 0, '2021-03-15 17:50:44', '2021-05-28 11:18:00', 0, 0);
INSERT INTO datasource_type (data_type, data_classify_id, weight, img_url, sorted, invisible, is_deleted, create_time, update_time, create_by, update_by) VALUES ('Oracle', 3, 1.5, 'Oracle.png', 2400, 0, 0, '2021-03-15 17:50:44', '2021-09-17 15:46:39', 0, 0);
INSERT INTO datasource_type (data_type, data_classify_id, weight, img_url, sorted, invisible, is_deleted, create_time, update_time, create_by, update_by) VALUES ('SQL Server', 3, 0.0, 'SQLServer.png', 2350, 0, 0, '2021-03-15 17:50:44', '2021-05-28 11:18:00', 0, 0);
INSERT INTO datasource_type (data_type, data_classify_id, weight, img_url, sorted, invisible, is_deleted, create_time, update_time, create_by, update_by) VALUES ('PostgreSQL', 3, 1.0, 'PostgreSQL.png', 2300, 0, 0, '2021-03-15 17:50:44', '2021-09-17 16:55:58', 0, 0);
INSERT INTO datasource_type (data_type, data_classify_id, weight, img_url, sorted, invisible, is_deleted, create_time, update_time, create_by, update_by) VALUES ('DB2', 3, 0.0, 'DB2.png', 2250, 0, 0, '2021-03-15 17:50:44', '2021-05-28 11:18:00', 0, 0);
INSERT INTO datasource_type (data_type, data_classify_id, weight, img_url, sorted, invisible, is_deleted, create_time, update_time, create_by, update_by) VALUES ('DMDB', 3, 0.0, 'DMDB.png', 2200, 0, 0, '2021-03-15 17:50:44', '2021-05-28 11:18:00', 0, 0);
INSERT INTO datasource_type (data_type, data_classify_id, weight, img_url, sorted, invisible, is_deleted, create_time, update_time, create_by, update_by) VALUES ('KingbaseES8', 3, 0.0, 'KingbaseES8.png', 2100, 0, 0, '2021-03-15 17:50:44', '2021-05-28 11:18:00', 0, 0);
INSERT INTO datasource_type (data_type, data_classify_id, weight, img_url, sorted, invisible, is_deleted, create_time, update_time, create_by, update_by) VALUES ('Hive', 4, 4.5, 'Hive.png', 2050, 0, 0, '2021-03-15 17:50:44', '2022-02-10 15:18:13', 0, 0);
INSERT INTO datasource_type (data_type, data_classify_id, weight, img_url, sorted, invisible, is_deleted, create_time, update_time, create_by, update_by) VALUES ('SparkThrift', 4, 5.0, 'SparkThrift.png', 2000, 0, 0, '2021-03-15 17:50:44', '2022-02-11 11:20:06', 0, 0);
INSERT INTO datasource_type (data_type, data_classify_id, weight, img_url, sorted, invisible, is_deleted, create_time, update_time, create_by, update_by) VALUES ('Maxcompute', 4, 0.0, 'Maxcompute.png', 1950, 0, 0, '2021-03-15 17:50:44', '2021-05-28 11:18:00', 0, 0);
INSERT INTO datasource_type (data_type, data_classify_id, weight, img_url, sorted, invisible, is_deleted, create_time, update_time, create_by, update_by) VALUES ('Phoenix', 4, 0.0, 'Phoenix.png', 1900, 0, 0, '2021-03-15 17:50:44', '2021-05-28 11:18:00', 0, 0);
INSERT INTO datasource_type (data_type, data_classify_id, weight, img_url, sorted, invisible, is_deleted, create_time, update_time, create_by, update_by) VALUES ('Greenplum', 5, 0.0, 'Greenplum.png', 1850, 0, 0, '2021-03-15 17:50:44', '2021-05-28 11:18:00', 0, 0);
INSERT INTO datasource_type (data_type, data_classify_id, weight, img_url, sorted, invisible, is_deleted, create_time, update_time, create_by, update_by) VALUES ('GaussDB', 5, 0.0, 'GaussDB.png', 1800, 0, 0, '2021-03-15 17:50:44', '2021-05-28 11:18:00', 0, 0);
INSERT INTO datasource_type (data_type, data_classify_id, weight, img_url, sorted, invisible, is_deleted, create_time, update_time, create_by, update_by) VALUES ('GBase_8a', 5, 0.0, 'GBase_8a.png', 1750, 0, 0, '2021-03-15 17:50:44', '2021-05-28 11:18:00', 0, 0);
INSERT INTO datasource_type (data_type, data_classify_id, weight, img_url, sorted, invisible, is_deleted, create_time, update_time, create_by, update_by) VALUES ('HDFS', 6, 0.0, 'HDFS.png', 1700, 0, 0, '2021-03-15 17:50:44', '2021-05-28 11:18:00', 0, 0);
INSERT INTO datasource_type (data_type, data_classify_id, weight, img_url, sorted, invisible, is_deleted, create_time, update_time, create_by, update_by) VALUES ('FTP', 6, 0.0, 'FTP.png', 1650, 0, 0, '2021-03-15 17:50:44', '2021-05-28 11:18:00', 0, 0);
INSERT INTO datasource_type (data_type, data_classify_id, weight, img_url, sorted, invisible, is_deleted, create_time, update_time, create_by, update_by) VALUES ('S3', 6, 0.0, 'S3.png', 1600, 0, 0, '2021-03-15 17:50:44', '2021-05-28 11:18:00', 0, 0);
INSERT INTO datasource_type (data_type, data_classify_id, weight, img_url, sorted, invisible, is_deleted, create_time, update_time, create_by, update_by) VALUES ('Impala', 7, 0.0, 'Impala.png', 1550, 0, 0, '2021-03-15 17:50:44', '2021-05-28 11:18:00', 0, 0);
INSERT INTO datasource_type (data_type, data_classify_id, weight, img_url, sorted, invisible, is_deleted, create_time, update_time, create_by, update_by) VALUES ('ClickHouse', 7, 0.0, 'ClickHouse.png', 1500, 0, 0, '2021-03-15 17:50:44', '2021-05-28 11:18:00', 0, 0);
INSERT INTO datasource_type (data_type, data_classify_id, weight, img_url, sorted, invisible, is_deleted, create_time, update_time, create_by, update_by) VALUES ('TiDB', 7, 0.0, 'TiDB.png', 1450, 0, 0, '2021-03-15 17:50:44', '2021-05-28 11:18:00', 0, 0);
INSERT INTO datasource_type (data_type, data_classify_id, weight, img_url, sorted, invisible, is_deleted, create_time, update_time, create_by, update_by) VALUES ('Kudu', 7, 0.0, 'Kudu.png', 1400, 0, 0, '2021-03-15 17:50:44', '2021-05-28 11:18:00', 0, 0);
INSERT INTO datasource_type (data_type, data_classify_id, weight, img_url, sorted, invisible, is_deleted, create_time, update_time, create_by, update_by) VALUES ('AnalyticDB', 7, 0.0, 'AnalyticDB.png', 1350, 0, 0, '2021-03-15 17:50:44', '2021-05-28 11:18:00', 0, 0);
INSERT INTO datasource_type (data_type, data_classify_id, weight, img_url, sorted, invisible, is_deleted, create_time, update_time, create_by, update_by) VALUES ('CarbonData', 7, 0.0, 'CarbonData.png', 1300, 0, 0, '2021-03-15 17:50:44', '2021-05-28 11:18:00', 0, 0);
INSERT INTO datasource_type (data_type, data_classify_id, weight, img_url, sorted, invisible, is_deleted, create_time, update_time, create_by, update_by) VALUES ('Kylin URL', 7, 0.0, 'Kylin.png', 1250, 0, 0, '2021-03-15 17:50:44', '2021-07-28 16:06:35', 0, 0);
INSERT INTO datasource_type (data_type, data_classify_id, weight, img_url, sorted, invisible, is_deleted, create_time, update_time, create_by, update_by) VALUES ('HBase', 8, 0.0, 'HBase.png', 1200, 0, 0, '2021-03-15 17:50:44', '2021-05-28 11:18:00', 0, 0);
INSERT INTO datasource_type (data_type, data_classify_id, weight, img_url, sorted, invisible, is_deleted, create_time, update_time, create_by, update_by) VALUES ('Elasticsearch', 8, 0.0, 'Elasticsearch.png', 1150, 0, 0, '2021-03-15 17:50:44', '2021-05-28 11:18:00', 0, 0);
INSERT INTO datasource_type (data_type, data_classify_id, weight, img_url, sorted, invisible, is_deleted, create_time, update_time, create_by, update_by) VALUES ('MongoDB', 8, 0.0, 'MongoDB.png', 1050, 0, 0, '2021-03-15 17:50:44', '2021-05-28 11:18:00', 0, 0);
INSERT INTO datasource_type (data_type, data_classify_id, weight, img_url, sorted, invisible, is_deleted, create_time, update_time, create_by, update_by) VALUES ('Redis', 8, 0.0, 'Redis.png', 1000, 0, 0, '2021-03-15 17:50:44', '2021-05-28 11:18:00', 0, 0);
INSERT INTO datasource_type (data_type, data_classify_id, weight, img_url, sorted, invisible, is_deleted, create_time, update_time, create_by, update_by) VALUES ('Kafka', 9, 0.5, 'Kafka.png', 950, 0, 0, '2021-03-15 17:50:44', '2021-05-28 11:18:00', 0, 0);
INSERT INTO datasource_type (data_type, data_classify_id, weight, img_url, sorted, invisible, is_deleted, create_time, update_time, create_by, update_by) VALUES ('EMQ', 9, 0.0, 'EMQ.png', 900, 0, 0, '2021-03-15 17:50:44', '2021-05-28 11:18:00', 0, 0);
INSERT INTO datasource_type (data_type, data_classify_id, weight, img_url, sorted, invisible, is_deleted, create_time, update_time, create_by, update_by) VALUES ('WebSocket', 10, 0.0, 'WebSocket.png', 850, 0, 0, '2021-03-15 17:50:44', '2021-05-28 11:18:00', 0, 0);
INSERT INTO datasource_type (data_type, data_classify_id, weight, img_url, sorted, invisible, is_deleted, create_time, update_time, create_by, update_by) VALUES ('Socket', 10, 0.0, 'Socket.png', 800, 0, 0, '2021-03-15 17:50:44', '2021-05-28 11:18:00', 0, 0);
INSERT INTO datasource_type (data_type, data_classify_id, weight, img_url, sorted, invisible, is_deleted, create_time, update_time, create_by, update_by) VALUES ('Presto', 1, 0.0, null, 750, 1, 0, '2021-03-24 12:01:00', '2021-05-28 11:18:00', 0, 0);
INSERT INTO datasource_type (data_type, data_classify_id, weight, img_url, sorted, invisible, is_deleted, create_time, update_time, create_by, update_by) VALUES ('Solr', 8, 0.0, 'Solr.png', 1100, 0, 0, '2021-05-28 11:18:00', '2021-05-28 11:18:00', 0, 0);
INSERT INTO datasource_type (data_type, data_classify_id, weight, img_url, sorted, invisible, is_deleted, create_time, update_time, create_by, update_by) VALUES ('InfluxDB', 11, 0.0, 'InfluxDB.png', 875, 0, 0, '2021-06-09 14:49:27', '2021-07-28 16:05:37', 0, 0);
INSERT INTO datasource_type (data_type, data_classify_id, weight, img_url, sorted, invisible, is_deleted, create_time, update_time, create_by, update_by) VALUES ('AWS S3', 6, 0.0, 'AWS S3.png', 1575, 0, 0, '2021-06-21 19:48:27', '2021-06-21 19:48:27', 0, 0);
INSERT INTO datasource_type (data_type, data_classify_id, weight, img_url, sorted, invisible, is_deleted, create_time, update_time, create_by, update_by) VALUES ('Inceptor', 4, 0.0, 'Inceptor.png', 1875, 0, 0, '2021-06-21 22:07:27', '2021-06-21 22:07:27', 0, 0);
INSERT INTO datasource_type (data_type, data_classify_id, weight, img_url, sorted, invisible, is_deleted, create_time, update_time, create_by, update_by) VALUES ('AnalyticDB PostgreSQL', 7, 0.0, 'ADB_PostgreSQL.png', 1220, 0, 0, '2021-06-01 12:22:10', '2021-06-01 12:22:10', 0, 0);
INSERT INTO datasource_type (data_type, data_classify_id, weight, img_url, sorted, invisible, is_deleted, create_time, update_time, create_by, update_by) VALUES ('Vertica', 5, 0.0, 'Vertica.png', 1720, 0, 0, '2021-06-01 12:22:10', '2021-06-01 12:22:10', 0, 0);
INSERT INTO datasource_type (data_type, data_classify_id, weight, img_url, sorted, invisible, is_deleted, create_time, update_time, create_by, update_by) VALUES ('OpenTSDB', 11, 0.0, 'OpenTSDB.png', 862, 0, 0, '2021-07-06 10:37:27', '2021-07-06 10:37:42', 0, 0);
INSERT INTO datasource_type (data_type, data_classify_id, weight, img_url, sorted, invisible, is_deleted, create_time, update_time, create_by, update_by) VALUES ('Doris', 7, 0.0, 'Doris.png', 1200, 0, 0, '2021-07-06 12:22:10', '2021-07-06 15:49:09', 0, 0);
INSERT INTO datasource_type (data_type, data_classify_id, weight, img_url, sorted, invisible, is_deleted, create_time, update_time, create_by, update_by) VALUES ('Kylin JDBC', 7, 0.0, 'Kylin.png', 1300, 0, 0, '2021-07-06 12:22:10', '2021-07-06 15:49:09', 0, 0);
INSERT INTO datasource_type (data_type, data_classify_id, weight, img_url, sorted, invisible, is_deleted, create_time, update_time, create_by, update_by) VALUES ('SQLServer JDBC', 3, 0.0, 'SQLServer.png', 1200, 0, 0, '2021-07-06 12:22:10', '2021-07-06 15:49:09', 0, 0);


INSERT INTO datasource_version (data_type, data_version, sorted, is_deleted, create_time, update_time, create_by, update_by) VALUES ('Hive', '1.x', 0, 0, '2021-03-15 17:51:55', '2021-03-15 17:53:11', 0, 0);
INSERT INTO datasource_version (data_type, data_version, sorted, is_deleted, create_time, update_time, create_by, update_by) VALUES ('Hive', '2.x', 1, 0, '2021-03-15 17:51:55', '2021-03-15 17:54:16', 0, 0);
INSERT INTO datasource_version (data_type, data_version, sorted, is_deleted, create_time, update_time, create_by, update_by) VALUES ('HBase', '1.x', 0, 0, '2021-03-15 17:51:55', '2021-03-15 17:53:11', 0, 0);
INSERT INTO datasource_version (data_type, data_version, sorted, is_deleted, create_time, update_time, create_by, update_by) VALUES ('HBase', '2.x', 1, 0, '2021-03-15 17:51:55', '2021-03-15 17:54:38', 0, 0);
INSERT INTO datasource_version (data_type, data_version, sorted, is_deleted, create_time, update_time, create_by, update_by) VALUES ('Phoenix', '4.x', 0, 0, '2021-03-15 17:51:55', '2021-03-15 17:53:11', 0, 0);
INSERT INTO datasource_version (data_type, data_version, sorted, is_deleted, create_time, update_time, create_by, update_by) VALUES ('Phoenix', '5.x', 1, 0, '2021-03-15 17:51:55', '2021-04-01 14:43:21', 0, 0);
INSERT INTO datasource_version (data_type, data_version, sorted, is_deleted, create_time, update_time, create_by, update_by) VALUES ('Elasticsearch', '5.x', 0, 0, '2021-03-15 17:51:55', '2021-03-15 17:53:11', 0, 0);
INSERT INTO datasource_version (data_type, data_version, sorted, is_deleted, create_time, update_time, create_by, update_by) VALUES ('Elasticsearch', '6.x', 1, 0, '2021-03-15 17:51:55', '2021-03-15 17:54:24', 0, 0);
INSERT INTO datasource_version (data_type, data_version, sorted, is_deleted, create_time, update_time, create_by, update_by) VALUES ('Elasticsearch', '7.x', 2, 0, '2021-03-15 17:51:55', '2021-03-15 17:54:24', 0, 0);
INSERT INTO datasource_version (data_type, data_version, sorted, is_deleted, create_time, update_time, create_by, update_by) VALUES ('Kafka', '1.x', 3, 0, '2021-03-15 17:51:55', '2021-03-15 17:54:54', 0, 0);
INSERT INTO datasource_version (data_type, data_version, sorted, is_deleted, create_time, update_time, create_by, update_by) VALUES ('Kafka', '2.x', 4, 0, '2021-03-15 17:51:55', '2021-03-15 17:54:49', 0, 0);
INSERT INTO datasource_version (data_type, data_version, sorted, is_deleted, create_time, update_time, create_by, update_by) VALUES ('Kafka', '0.9', 0, 1, '2021-03-15 17:51:55', '2021-03-15 17:53:11', 0, 0);
INSERT INTO datasource_version (data_type, data_version, sorted, is_deleted, create_time, update_time, create_by, update_by) VALUES ('Kafka', '0.10', 1, 0, '2021-03-15 17:51:55', '2021-03-15 17:54:56', 0, 0);
INSERT INTO datasource_version (data_type, data_version, sorted, is_deleted, create_time, update_time, create_by, update_by) VALUES ('Kafka', '0.11', 2, 0, '2021-03-15 17:51:55', '2021-03-15 17:54:55', 0, 0);
INSERT INTO datasource_version (data_type, data_version, sorted, is_deleted, create_time, update_time, create_by, update_by) VALUES ('Solr', '7.x', 0, 0, '2021-05-28 14:48:00', '2021-05-28 14:48:00', 0, 0);
INSERT INTO datasource_version (data_type, data_version, sorted, is_deleted, create_time, update_time, create_by, update_by) VALUES ('InfluxDB', '1.x', 0, 0, '2021-06-09 14:49:27', '2021-06-09 14:49:42', 0, 0);
INSERT INTO datasource_version (data_type, data_version, sorted, is_deleted, create_time, update_time, create_by, update_by) VALUES ('Hive', '3.x', 2, 0, '2021-06-09 14:49:27', '2021-06-09 14:49:42', 0, 0);
INSERT INTO datasource_version (data_type, data_version, sorted, is_deleted, create_time, update_time, create_by, update_by) VALUES ('OpenTSDB', '2.x', 0, 0, '2021-07-06 10:37:27', '2021-07-06 10:37:42', 0, 0);
INSERT INTO datasource_version (data_type, data_version, sorted, is_deleted, create_time, update_time, create_by, update_by) VALUES ('Doris', '0.14.x', 0, 0, '2021-07-06 14:49:27', '2021-07-06 14:49:42', 0, 0);
INSERT INTO datasource_version (data_type, data_version, sorted, is_deleted, create_time, update_time, create_by, update_by) VALUES ('Kylin URL', '3.x', 0, 0, '2021-07-06 14:49:27', '2021-07-06 14:49:42', 0, 0);
INSERT INTO datasource_version (data_type, data_version, sorted, is_deleted, create_time, update_time, create_by, update_by) VALUES ('Kylin JDBC', '3.x', 0, 0, '2021-07-06 14:49:27', '2021-07-06 14:49:42', 0, 0);
INSERT INTO datasource_version (data_type, data_version, sorted, is_deleted, create_time, update_time, create_by, update_by) VALUES ('HDFS', '2.x', 0, 0, '2022-02-17 15:51:08', '2022-02-17 15:51:08', 0, 0);
INSERT INTO datasource_version (data_type, data_version, sorted, is_deleted, create_time, update_time, create_by, update_by) VALUES ('HDFS', 'TBDS', 1, 0, '2022-02-17 15:51:08', '2022-02-17 15:51:08', 0, 0);


